Entry	Entry Name	Protein names	Protein families	Sequence	Modified residue
A0JNW5	BLT3B_HUMAN	Bridge-like lipid transfer protein family member 3B (Syntaxin-6 Habc-interacting protein of 164 kDa) (UHRF1-binding protein 1-like)		MAGIIKKQILKHLSRFTKNLSPDKINLSTLKGEGELKNLELDEEVLQNMLDLPTWLAINKVFCNKASIRIPWTKLKTHPICLSLDKVIMEMSTCEEPRSPNGPSPIATASGQSEYGFAEKVVEGISVSVNSIVIRIGAKAFNASFELSQLRIYSVNAHWEHGDLRFTRIQDPQRGEVLTFKEINWQMIRIEADATQSSHLEIMCAPVRLITNQSKIRVTLKRRLKDCNVIATKLVLILDDLLWVLTDSQLKAMVQYAKSLSEAIEKSTEQRKSMAPEPTQSSTVVASAQQVKTTQTSNAPDVNDAIVKLFNDFDVKETSHHLVISHLDLHICDDIHAKEKESNRRITGGAMQLSFTQLTIDYYPYHKAGDSCNHWMYFSDATKTKNGWANELLHEFECNVEMLKQAVKDHNVGSPPKSPTHASPQHTQTEKDYPLKGTCRTPSVLSQQSKAKLMSSSVVVRLADFNIYQVSTAEQCRSSPKSMICCNKKSLYLPQEMSAVYIEFTEYYYPDGKDFPIPSPNLYSQLNALQFTVDERSILWLNQFLLDLKQSLNQFMAVYKLNDNSKSDEHVDVRVDGLMLKFVIPSEVKSECHQDQPRAISIQSSEMIATNTRHCPNCRHSDLEALFQDFKDCDFFSKTYTSFPKSCDNFNLLHPIFQRHAHEQDTKMHEIYKGNITPQLNKNTLKTSAATDVWAVYFSQFWIDYEGMKSGKGRPISFVDSFPLSIWICQPTRYAESQKEPQTCNQVSLNTSQSESSDLAGRLKRKKLLKEYYSTESEPLTNGGQKPSSSDTFFRFSPSSSEADIHLLVHVHKHVSMQINHYQYLLLLFLHESLILLSENLRKDVEAVTGSPASQTSICIGILLRSAELALLLHPVDQANTLKSPVSESVSPVVPDYLPTENGDFLSSKRKQISRDINRIRSVTVNHMSDNRSMSVDLSHIPLKDPLLFKSASDTNLQKGISFMDYLSDKHLGKISEDESSGLVYKSGSGEIGSETSDKKDSFYTDSSSILNYREDSNILSFDSDGNQNILSSTLTSKGNETIESIFKAEDLLPEAASLSENLDISKEETPPVRTLKSQSSLSGKPKERCPPNLAPLCVSYKNMKRSSSQMSLDTISLDSMILEEQLLESDGSDSHMFLEKGNKKNSTTNYRGTAESVNAGANLQNYGETSPDAISTNSEGAQENHDDLMSVVVFKITGVNGEIDIRGEDTEICLQVNQVTPDQLGNISLRHYLCNRPVGSDQKAVIHSKSSPEISLRFESGPGAVIHSLLAEKNGFLQCHIENFSTEFLTSSLMNIQHFLEDETVATVMPMKIQVSNTKINLKDDSPRSSTVSLEPAPVTVHIDHLVVERSDDGSFHIRDSHMLNTGNDLKENVKSDSVLLTSGKYDLKKQRSVTQATQTSPGVPWPSQSANFPEFSFDFTREQLMEENESLKQELAKAKMALAEAHLEKDALLHHIKKMTVE	MOD_RES 414; /note="Phosphoserine"; /evidence="ECO:0007744|PubMed:21406692, ECO:0007744|PubMed:24275569"; MOD_RES 418; /note="Phosphoserine"; /evidence="ECO:0007744|PubMed:24275569"; MOD_RES 774; /note="Phosphoserine"; /evidence="ECO:0007744|PubMed:23186163"; MOD_RES 935; /note="Phosphoserine"; /evidence="ECO:0000250|UniProtKB:A2RSJ4"; MOD_RES 1009; /note="Phosphoserine"; /evidence="ECO:0000250|UniProtKB:A2RSJ4"
A1A519	F170A_HUMAN	Protein FAM170A (Zinc finger domain-containing protein) (Zinc finger protein ZNFD)	FAM170 family	MKRRQKRKHLENEESQETAEKGGGMSKSQEDALQPGSTRVAKGWSQGVGEVTSTSEYCSCVSSSRKLIHSGIQRIHRDSPQPQSPLAQVQERGETPPRSQHVSLSSYSSYKTCVSSLCVNKEERGMKIYYMQVQMNKGVAVSWETEETLESLEKQPRMEEVTLSEVVRVGTPPSDVSTRNLLSDSEPSGEEKEHEERTESDSLPGSPTVEDTPRAKTPDWLVTMENGFRCMACCRVFTTMEALQEHVQFGIREGFSCHVFHLTMAQLTGNMESESTQDEQEEENGNEKEEEEKPEAKEEEGQPTEEDLGLRRSWSQCPGCVFHSPKDRNS	MOD_RES 217; /note="Phosphothreonine"; /evidence="ECO:0000250|UniProtKB:Q66LM6"; MOD_RES 315; /note="Phosphoserine"; /evidence="ECO:0000250|UniProtKB:Q66LM6"
A1L3X0	ELOV7_HUMAN	Very long chain fatty acid elongase 7 (EC 2.3.1.199) (3-keto acyl-CoA synthase ELOVL7) (ELOVL fatty acid elongase 7) (ELOVL FA elongase 7) (Elongation of very long chain fatty acids protein 7) (Very long chain 3-ketoacyl-CoA synthase 7) (Very long chain 3-oxoacyl-CoA synthase 7)	ELO family, ELOVL7 subfamily	MAFSDLTSRTVHLYDNWIKDADPRVEDWLLMSSPLPQTILLGFYVYFVTSLGPKLMENRKPFELKKAMITYNFFIVLFSVYMCYEFVMSGWGIGYSFRCDIVDYSRSPTALRMARTCWLYYFSKFIELLDTIFFVLRKKNSQVTFLHVFHHTIMPWTWWFGVKFAAGGLGTFHALLNTAVHVVMYSYYGLSALGPAYQKYLWWKKYLTSLQLVQFVIVAIHISQFFFMEDCKYQFPVFACIIMSYSFMFLLLFLHFWYRAYTKGQRLPKTVKNGTCKNKDN	MOD_RES 2; /note="N-acetylalanine"; /evidence="ECO:0000269|PubMed:34117479"
A1X283	SPD2B_HUMAN	SH3 and PX domain-containing protein 2B (Adapter protein HOFI) (Factor for adipocyte differentiation 49) (Tyrosine kinase substrate with four SH3 domains)	SH3PXD2 family	MPPRRSIVEVKVLDVQKRRVPNKHYVYIIRVTWSSGSTEAIYRRYSKFFDLQMQMLDKFPMEGGQKDPKQRIIPFLPGKILFRRSHIRDVAVKRLIPIDEYCKALIQLPPYISQCDEVLQFFETRPEDLNPPKEEHIGKKKSGGDQTSVDPMVLEQYVVVANYQKQESSEISLSVGQVVDIIEKNESGWWFVSTAEEQGWVPATCLEGQDGVQDEFSLQPEEEEKYTVIYPYTARDQDEMNLERGAVVEVIQKNLEGWWKIRYQGKEGWAPASYLKKNSGEPLPPKPGPGSPSHPGALDLDGVSRQQNAVGREKELLSSQRDGRFEGRPVPDGDAKQRSPKMRQRPPPRRDMTIPRGLNLPKPPIPPQVEEEYYTIAEFQTTIPDGISFQAGLKVEVIEKNLSGWWYIQIEDKEGWAPATFIDKYKKTSNASRPNFLAPLPHEVTQLRLGEAAALENNTGSEATGPSRPLPDAPHGVMDSGLPWSKDWKGSKDVLRKASSDMSASAGYEEISDPDMEEKPSLPPRKESIIKSEGELLERERERQRTEQLRGPTPKPPGVILPMMPAKHIPPARDSRRPEPKPDKSRLFQLKNDMGLECGHKVLAKEVKKPNLRPISKSKTDLPEEKPDATPQNPFLKSRPQVRPKPAPSPKTEPPQGEDQVDICNLRSKLRPAKSQDKSLLDGEGPQAVGGQDVAFSRSFLPGEGPGRAQDRTGKQDGLSPKEISCRAPPRPAKTTDPVSKSVPVPLQEAPQQRPVVPPRRPPPPKKTSSSSRPLPEVRGPQCEGHESRAAPTPGRALLVPPKAKPFLSNSLGGQDDTRGKGSLGPWGTGKIGENREKAAAASVPNADGLKDSLYVAVADFEGDKDTSSFQEGTVFEVREKNSSGWWFCQVLSGAPSWEGWIPSNYLRKKP	MOD_RES 25; /note="Phosphotyrosine"; /evidence="ECO:0000250|UniProtKB:A2AAY5"; MOD_RES 279; /note="Phosphoserine"; /evidence="ECO:0007744|PubMed:20068231"; MOD_RES 291; /note="Phosphoserine"; /evidence="ECO:0007744|PubMed:18669648, ECO:0007744|PubMed:20068231"; MOD_RES 499; /note="Phosphoserine"; /evidence="ECO:0000250|UniProtKB:A2AAY5"; MOD_RES 528; /note="Phosphoserine"; /evidence="ECO:0000250|UniProtKB:A2AAY5"; MOD_RES 843; /note="Phosphoserine"; /evidence="ECO:0000250|UniProtKB:A2AAY5"
A2RUB6	CCD66_HUMAN	Coiled-coil domain-containing protein 66		MNLGDGLKLETELLDGKTKLILSPYEHKSKISVKMGNKAKIAKCPLRTKTGHILKSTQDTCIGSEKLLQKKPVGSETSQAKGEKNGMTFSSTKDLCKQCIDKDCLHIQKEISPATPNMQKTRNTVNTSLVGKQKPHKKHITAENMKSSLVCLTQDQLQQILMTVNQGNRSLSLTENGKEAKSQYSLYLNSISNQPKDENIMGLFKKTEMVSSVPAENKSVLNEHQETSKQCEQKIAIENEWKPADIFSTLGERECDRSSLEAKKAQWRKELDEQVALKKKEKEVSEKWNDPWKKSESDKIIWEKHQILDQSRETVLLEHPFSAVKQELQRKWIEELNKQIEDDRQRKIEEKIIYSKGEEHDRWAMHFDSLKSYPGSQSQLFSQSTHKQPEYFCVSPDTQELADVSSVCTPTTGSQVEPSEEEHIAKPIKDVVMANSKKTNFLRSMTALLDPAQIEERDRRRQKQLEHQKAITAQVEEKRRKKQLEEEQRKKEEQEEELRLAQEREEMQKQYEEDILKQKQKEEIMTLKTNELFQTMQRAQELAQRLKQEQRIRELAQKGHDTSRLIKNLGVDTIQMEYNASNISNSRHDSDEISGKMNTYMNSTTSKKDTGVQTDDLNIGIFTNAESHCGSLMERDITNCSSPEISAELIGQFSTKKNKQELTQDKGASLEKENNRCNDQCNQFTRIEKQTKHMKKYPKRPDWNINKPPKRYIPASEKYPKQLQKQREEKKVRRQMELLHLVEKNNPGHLSQNRGISPEIFHSSHQETESKLRWHLVKKEEEPLNIHSFSKERSPSSPVPVVKNRTQQTQNTLHLPLKNSSYERENLISGSNQTELSSGISESSHFIPYVRTNEIYYLDPDAPLSGPSTQDPQYQNSQDCGQKRQLFDSDCVRDPLLNPNMVKNRDRQQAILKGLSELRQGLLQKQKELESSLLPLAENQEESFGSSF	MOD_RES 115; /note="Phosphothreonine"; /evidence="ECO:0007744|PubMed:18669648"; MOD_RES 121; /note="Phosphothreonine"; /evidence="ECO:0007744|PubMed:18669648"; MOD_RES 369; /note="Phosphoserine"; /evidence="ECO:0000250|UniProtKB:Q6NS45"; MOD_RES 606; /note="Phosphoserine"; /evidence="ECO:0000250|UniProtKB:Q6NS45"
A6H8Y1	BDP1_HUMAN	Transcription factor TFIIIB component B'' homolog (Transcription factor IIIB 150) (TFIIIB150) (Transcription factor-like nuclear regulator)		MFRRARLSVKPNVRPGVGARGSTASNPQRGRESPRPPDPATDSASKPAEPTDVPTVDFGGAEPQEKAPRSSTEKTGGDNDVEESSRSSSTVSQRRKRISSTSSLVKSSVSVPSESHPLSTINQEAPQPTATSTKEKQPCSDRYRIYKAQKLREMLKEELRKEKKQWKNKYAINESQRPPDRSKMTMRDFIYYLPDNNPMTSSLEQEKKTEKPSTPVQTREQEGKSTPNAEDNEMEEETDDGPLLVPRVKVAEDGSIILDEESLTVEVLRTKGPCVVEENDPIFERGSTTTYSSFRKNYYSKPWSNKETDMFFLAISMVGTDFSMIGQLFPHRARIEIKNKFKREEKTNGWRIDKAFQEKRPFDFDFFAHLLQKVLAEEEKRKQKSVKNHSLKEKKSTKPRKNVKVKKVACEGVNNDPDESMSSRISDTERSQKDAQTVEEESLTLSREDAEQVALEVDLNQKKRRRKKQDGANELGVNNLLENATVQAGPSKGEKHKNKCQAIRPELKEGECSKEQMLSCTQNIDGIVGFASTEKVEKRTDPILSLSNQQDATSVATESSESSTSDLPSFEVGIRALCEVNNAEGSCIEERNVDLKNNSLEIDQTENVKPMLRGRFQRPKPNLSRAGKKSVLSQGKTESESKNSHSKTSVEKNHVEKDKMNTLDILRMETTERENPEAETVSVLGEKNCLQEGSQLKALRPVQVRGRLQKPKPNAGKAAERKEILISQEEIGANVEKNENESCADRDTPQHMEDQSRKDFEEEDVILQPEKNDSFQNVQPDEPKVLNECLSVQENNKANKLNQVPILRTRFQKPKPNIGRGTGRREISSKEEVLEKILVSGEMAAALRETVRLDTSPKEMVPAEINTKEMQSDLKETGRRAISPREKILDVIDDTIEMETGLKAMGREICLREKTPEVIDATEEIDKDLEEAGRREISPQKNGPEEVKPLGEVETDLKATGNESSPREKTPEVTDATEEIDKNLEETGRRKISPRENGPEEVKPVDEMETDLNATGRESSPREKTPEVIDATEEIDLEETEREVSPQENGLEEVKPLGEMETDLKATGRDSFPRGKTPEVIDAIEEIEIDLEETEREISPQENGLEEVKPLGEMQTDLKATGREISPREKTPEVIDATEEIDKDLEETGRREISPEENGPEEVKPVDEMETDLKTTGREGSSREKTREVIDAAEVIETDLEETEREISPQENGPEEVKPVGKMETDLKEIREEISQREKVLAEFSAIREKEIDLKETGKRDIPIMEKVSGKMAVVEEMEADLKETGKENFRERGSEEICVTEEKVAELKQTGKTDISPRENELEETSTSRQTDTHLMQSGSNDFSAVPSLDIQNISSEVLSMMHTPVEEKRNSEKEVSSHFSHFKISSQTHESDKTEVQGIQSPDVPEQFSDINLSKSLPQEQKPLEIKPAPFVRSRFKRPKPNLARAALKRETTESEKYIYEKKSETKKMETIVMQENNEQTDTLPSQHDEASLMISREKDTLGHRNEEAVILPCTQTERNLSPSNSCEPKEESQSAPVQKNDSVVSVGTNNVNTFQQEMKESVIQTARQVRGRLQRPRPNIRKTGQRQIVDKGEAKGIIKEGRTILPKDETEKKVLTVSNSQIETEIEVPSSAVPEHRMYENQSQVVLVENLHVNKTNETIRHENKPYVPSSAQMTRRKFQKAKPNLGRAHSKKEEPVLEKVTTDQSKEGKPEDHLLQKGASNTQLLLKEKAELLTSLEVSARKDCVGSKESALAKIDAELEEVGPSRRVGEETVGDNSPSSVVEEQYLNKLTSCPQPLNETSYSKIALDGKTTISSTSEYERNRGERRSHKKFKPNVTRGRGSKRVRGKTSKKEPRASKAMLVTLRASQEEDDDADDFESDYEEESYHLAPEEVNKAPVFVPVGLRSPEPVSAQIEETMEELEITVNVPDVGCIAVVEHELPNTDVTTEEMKQEENLSVPFEMTTSEHIQDEPGTNDGSTEAAITLLTMGDLVLQSEISSEQGDVGVCIIPHVHSKDKSHIPSSLDNVNHKIVHECQELSSPVITTSPASFEENKIVLEEQSSREEISLMEKVKENATPTRNTISKVTSNLRIRSRLAKPKPNLEKTLGTNRLDDYQEVSSLCVTKGAEMETQRETEKNASKATELENKNLGPVTTAENKDQSKLACVHGIKGTSISSEVNLTERNENQEESSQEVHMLSVAPVASSETGPCTLGLDRGLGENSVEEPQIKDSKGDSVLTLPVPEYTPTSIPEVQQENIINPQDLTVNLVANVPQDGEDEQAFILTLVEIPANAVEEFTDATAQFMPNPLLPAPILVKSVNTEERGDMSICLPATSVGQDAMGLSISGRDNSKKPPDNLDLVSRKRFQCRLDKNDHIPPAKKRSLTLRDDCQEYTTEVHSKELTNVFEETGESHKGQDIFLTSGSTLTTPEPQRQQVEAAFQSRGSRSPDACMDKNVPQLPQDEMIVSDKEERTDAAPKSQQMDSRTSSSKASLSRPGRRPLGFLSLICSKNSLESDEPMQVHSKKRLKPLIPGLRKKLKRSNPFNESQEKNRESSDLLPSPSVITTQSENISSSATQVSCDQPLLKEGYKSAQKRAPQGEATTVSEYFFNDIFIEVDETE	MOD_RES 915; /note="Phosphothreonine"; /evidence="ECO:0007744|PubMed:18669648"
A7E2V4	ZSWM8_HUMAN	Zinc finger SWIM domain-containing protein 8	ZSWIM8 family	MELMFAEWEDGERFSFEDSDRFEEDSLCSFISEAESLCQNWRGWRKQSAGPNSPTGGGGGGGSGGTRMRDGLVIPLVELSAKQVAFHIPFEVVEKVYPPVPEQLQLRIAFWSFPENEEDIRLYSCLANGSADEFQRGDQLFRMRAVKDPLQIGFHLSATVVPPQMVPPKGAYNVAVMFDRCRVTSCSCTCGAGAKWCTHVVALCLFRIHNASAVCLRAPVSESLSRLQRDQLQKFAQYLISELPQQILPTAQRLLDELLSSQSTAINTVCGAPDPTAGPSASDQSTWYLDESTLTDNIKKTLHKFCGPSPVVFSDVNSMYLSSTEPPAAAEWACLLRPLRGREPEGVWNLLSIVREMFKRRDSNAAPLLEILTDQCLTYEQITGWWYSVRTSASHSSASGHTGRSNGQSEVAAHACASMCDEMVTLWRLAVLDPALSPQRRRELCTQLRQWQLKVIENVKRGQHKKTLERLFPGFRPAVEACYFNWEEAYPLPGVTYSGTDRKLALCWARALPSRPGASRSGGLEESRDRPRPLPTEPAVRPKEPGTKRKGLGEGVPSSQRGPRRLSAEGGDKALHKMGPGGGKAKALGGAGSGSKGSAGGGSKRRLSSEDSSLEPDLAEMSLDDSSLALGAEASTFGGFPESPPPCPLHGGSRGPSTFLPEPPDTYEEDGGVYFSEGPEPPTASVGPPGLLPGDVCTQDDLPSTDESGNGLPKTKEAAPAVGEEDDDYQAYYLNAQDGAGGEEEKAEGGAGEEHDLFAGLKPLEQESRMEVLFACAEALHAHGYSSEASRLTVELAQDLLANPPDLKVEPPPAKGKKNKVSTSRQTWVATNTLSKAAFLLTVLSERPEHHNLAFRVGMFALELQRPPASTKALEVKLAYQESEVAALLKKIPLGPSEMSTMRCRAEELREGTLCDYRPVLPLMLASFIFDVLCAPGSRPPSRNWNSETPGDEELGFEAAVAALGMKTTVSEAEHPLLCEGTRREKGDLALALMITYKDDQAKLKKILDKLLDRESQTHKPQTLSSFYSSSRPTTASQRSPSKHGGPSAPGALQPLTSGSAGPAQPGSVAGAGPGPTEGFTEKNVPESSPHSPCEGLPSEAALTPRPEGKVPSRLALGSRGGYNGRGWGSPGRPKKKHTGMASIDSSAPETTSDSSPTLSRRPLRGGWAPTSWGRGQDSDSISSSSSDSLGSSSSSGSRRASASGGARAKTVEVGRYKGRRPESHAPHVPNQPSEAAAHFYFELAKTVLIKAGGNSSTSIFTHPSSSGGHQGPHRNLHLCAFEIGLYALGLHNFVSPNWLSRTYSSHVSWITGQAMEIGSAALTILVECWDGHLTPPEVASLADRASRARDSNMVRAAAELALSCLPHAHALNPNEIQRALVQCKEQDNLMLEKACMAVEEAAKGGGVYPEVLFEVAHQWFWLYEQTAGGSSTAREGATSCSASGIRAGGEAGRGMPEGRGGPGTEPVTVAAAAVTAAATVVPVISVGSSLYPGPGLGHGHSPGLHPYTALQPHLPCSPQYLTHPAHPAHPMPHMPRPAVFPVPSSAYPQGVHPAFLGAQYPYSVTPPSLAATAVSFPVPSMAPITVHPYHTEPGLPLPTSVACELWGQGTVSSVHPASTFPAIQGASLPALTTQPSPLVSGGFPPPEEETHSQPVNPHSLHHLHAAYRVGMLALEMLGRRAHNDHPNNFSRSPPYTDDVKWLLGLAAKLGVNYVHQFCVGAAKGVLSPFVLQEIVMETLQRLSPAHAHNHLRAPAFHQLVQRCQQAYMQYIHHRLIHLTPADYDDFVNAIRSARSAFCLTPMGMMQFNDILQNLKRSKQTKELWQRVSLEMATFSP	MOD_RES 36; /note="Phosphoserine"; /evidence="ECO:0007744|PubMed:24275569"; MOD_RES 48; /note="Phosphoserine"; /evidence="ECO:0007744|PubMed:24275569"; MOD_RES 53; /note="Phosphoserine"; /evidence="ECO:0000250|UniProtKB:Q3UHH1"; MOD_RES 437; /note="Phosphoserine"; /evidence="ECO:0007744|PubMed:23186163"; MOD_RES 567; /note="Phosphoserine"; /evidence="ECO:0007744|PubMed:20068231"; MOD_RES 1139; /note="Phosphothreonine"; /evidence="ECO:0007744|PubMed:24275569"; MOD_RES 1153; /note="Phosphoserine"; /evidence="ECO:0000250|UniProtKB:Q3UHH1"; MOD_RES 1156; /note="Phosphoserine"; /evidence="ECO:0000250|UniProtKB:Q3UHH1"; MOD_RES 1160; /note="Phosphoserine"; /evidence="ECO:0007744|PubMed:24275569"; MOD_RES 1267; /note="Phosphoserine"; /evidence="ECO:0007744|PubMed:23186163"; MOD_RES 1836; /note="Phosphoserine"; /evidence="ECO:0007744|PubMed:20068231"
A7MCY6	TBKB1_HUMAN	TANK-binding kinase 1-binding protein 1 (TBK1-binding protein 1)		MESMFEDDISILTQEALGPSEVWLDSPGDPSLGGDMCSASHFALITAYGDIKERLGGLERENATLRRRLKVYEIKYPLISDFGEEHGFSLYEIKDGSLLEVEKVSLQQRLNQFQHELQKNKEQEEQLGEMIQAYEKLCVEKSDLETELREMRALVETHLRQICGLEQQLRQQQGLQDAAFSNLSPPPAPAPPCTDLDLHYLALRGGSGLSHAGWPGSTPSVSDLERRRLEEALEAAQGEARGAQLREEQLQAECERLQGELKQLQETRAQDLASNQSERDMAWVKRVGDDQVNLALAYTELTEELGRLRELSSLQGRILRTLLQEQARSGGQRHSPLSQRHSPAPQCPSPSPPARAAPPCPPCQSPVPQRRSPVPPCPSPQQRRSPASPSCPSPVPQRRSPVPPSCQSPSPQRRSPVPPSCPAPQPRPPPPPPPGERTLAERAYAKPPSHHVKAGFQGRRSYSELAEGAAYAGASPPWLQAEAATLPKPRAYGSELYGPGRPLSPRRAFEGIRLRFEKQPSEEDEWAVPTSPPSPEVGTIRCASFCAGFPIPESPAATAYAHAEHAQSWPSINLLMETVGSDIRSCPLCQLGFPVGYPDDALIKHIDSHLENSKI	MOD_RES 184; /note="Phosphoserine"; /evidence="ECO:0007744|PubMed:19369195"; MOD_RES 365; /note="Phosphoserine"; /evidence="ECO:0007744|PubMed:19369195"; MOD_RES 372; /note="Phosphoserine"; /evidence="ECO:0007744|PubMed:19369195"; MOD_RES 379; /note="Phosphoserine"; /evidence="ECO:0007744|PubMed:19369195"; MOD_RES 385; /note="Phosphoserine"; /evidence="ECO:0007744|PubMed:19369195"; MOD_RES 400; /note="Phosphoserine"; /evidence="ECO:0007744|PubMed:19369195, ECO:0007744|PubMed:24275569"; MOD_RES 415; /note="Phosphoserine"; /evidence="ECO:0007744|PubMed:19369195"; MOD_RES 504; /note="Phosphoserine"; /evidence="ECO:0007744|PubMed:19369195, ECO:0007744|PubMed:23186163"; MOD_RES 534; /note="Phosphoserine"; /evidence="ECO:0007744|PubMed:19369195"
A7XYQ1	SOBP_HUMAN	Sine oculis-binding protein homolog (Jackson circler protein 1)	SOBP family	MAEMEKEGRPPENKRSRKPAHPVKREINEEMKNFAENTMNELLGWYGYDKVELKDGEDIEFRSYPTDGESRQHISVLKENSLPKPKLPEDSVISPYNISTGYSGLATGNGLSDSPAGSKDHGSVPIIVPLIPPPFIKPPAEDDVSNVQIMCAWCQKVGIKRYSLSMGSEVKSFCSEKCFAACRRAYFKRNKARDEDGHAENFPQQHYAKETPRLAFKNNCELLVCDWCKHIRHTKEYLDFGDGERRLQFCSAKCLNQYKMDIFYKETQANLPAGLCSTLHPPMENKAEGTGVQLLTPDSWNIPLTDARRKAPSPVATAGQSQGPGPSASTTVSPSDTANCSVTKIPTPVPKSIPISETPNIPPVSVQPPASIGPPLGVPPRSPPMVMTNRGPVPLPIFMEQQIMQQIRPPFIRGPPHHASNPNSPLSNPMLPGIGPPPGGPRNLGPTSSPMHRPMLSPHIHPPSTPTMPGNPPGLLPPPPPGAPLPSLPFPPVSMMPNGPMPVPQMMNFGLPSLAPLVPPPTLLVPYPVIVPLPVPIPIPIPIPHVSDSKPPNGFSSNGENFIPNAPGDSAAAGGKPSGHSLSPRDSKQGSSKSADSPPGCSGQALSLAPTPAEHGRSEVVDLTRRAGSPPGPPGAGGQLGFPGVLQGPQDGVIDLTVGHRARLHNVIHRALHAHVKAEREPSAAERRTCGGCRDGHCSPPAAGDPGPGAPAGPEAAAACNVIVNGTRGAAAEGAKSAEPPPEQPPPPPPPAPPKKLLSPEEPAVSELESVKENNCASNCHLDGEAAKKLMGEEALAGGDKSDPNLNNPADEDHAYALRMLPKTGCVIQPVPKPAEKAAMAPCIISSPMLSAGPEDLEPPLKRRCLRIRNQNK	MOD_RES 629; /note="Phosphoserine"; /evidence="ECO:0000250|UniProtKB:Q0P5V2"; MOD_RES 699; /note="Phosphoserine"; /evidence="ECO:0000250|UniProtKB:Q0P5V2"
B1AK53	ESPN_HUMAN	Espin (Autosomal recessive deafness type 36 protein) (Ectoplasmic specialization protein)		MALEQALQAARQGELDVLRSLHAAGLLGPSLRDPLDALPVHHAARAGKLHCLRFLVEEAALPAAARARNGATPAHDASATGHLACLQWLLSQGGCRVQDKDNSGATVLHLAARFGHPEVVNWLLHHGGGDPTAATDMGALPIHYAAAKGDFPSLRLLVEHYPEGVNAQTKNGATPLYLACQEGHLEVTQYLVQECGADPHARAHDGMTPLHAAAQMGHSPVIVWLVSCTDVSLSEQDKDGATAMHFAASRGHTKVLSWLLLHGGEISADLWGGTPLHDAAENGELECCQILVVNGAELDVRDRDGYTAADLSDFNGHSHCTRYLRTVENLSVEHRVLSRDPSAELEAKQPDSGMSSPNTTVSVQPLNFDLSSPTSTLSNYDSCSSSHSSIKGQHPPCGLSSARAADIQSYMDMLNPELGLPRGTIGKPTPPPPPPSFPPPPPPPGTQLPPPPPGYPAPKPPVGPQAADIYMQTKNKLRHVETEALKKELSSCDGHDGLRRQDSSRKPRAFSKQPSTGDYYRQLGRCPGETLAARPGMAHSEEVRARQPARAGCPRLGPAARGSLEGPSAPPQAALLPGNHVPNGCAADPKASRELPPPPPPPPPPLPEAASSPPPAPPLPLESAGPGCGQRRSSSSTGSTKSFNMMSPTGDNSELLAEIKAGKSLKPTPQSKGLTTVFSGIGQPAFQPDSPLPSVSPALSPVRSPTPPAAGFQPLLNGSLVPVPPTTPAPGVQLDVEALIPTHDEQGRPIPEWKRQVMVRKMQLKMQEEEEQRRKEEEEEARLASMPAWRRDLLRKKLEEEREQKRKEEERQKQEELRREKEQSEKLRTLGYDESKLAPWQRQVILKKGDIAKY	MOD_RES 338; /note="Phosphoserine"; /evidence="ECO:0000250|UniProtKB:Q63618"; MOD_RES 342; /note="Phosphoserine"; /evidence="ECO:0000250|UniProtKB:Q9ET47"; MOD_RES 515; /note="Phosphoserine"; /evidence="ECO:0000250|UniProtKB:Q63618"; MOD_RES 647; /note="Phosphoserine"; /evidence="ECO:0000250|UniProtKB:Q9ET47"; MOD_RES 690; /note="Phosphoserine"; /evidence="ECO:0000250|UniProtKB:Q9ET47"; MOD_RES 696; /note="Phosphoserine"; /evidence="ECO:0000250|UniProtKB:Q63618"
B3KU38	IQIP1_HUMAN	IQCJ-SCHIP1 readthrough transcript protein		MRLEELKRLQNPLEQVNDGKYSFENHQLAMDAENNIEKYPLNLQPLESKVKIIQRAWREYLQRQEPLGKRSPSPPSVSSEKLSSSVSMNTFSDSSTPDYREDGMDLGSDAGSSSSSSRASSQSNSTKVTPCSECKSSSSPGGSLDLVSALEDYEEPFPVYQKKVIDEWAPEEDGEEEEEEDERDQRGYRDDRSPAREPGDVSARTRSGGGGGRSATTAMPPPVPNGNLHQHDPQDLRHNGNVVVAGRPSCSRGPRRAIQKPQPAGGRRSGRGPAAGGLCLQPPDGGTCVPEEPPVPPMDWEALEKHLAGLQFREQEVRNQGQARTNSTSAQKNERESIRQKLALGSFFDDGPGIYTSCSKSGKPSLSSRLQSGMNLQICFVNDSGSDKDSDADDSKTETSLDTPLSPMSKQSSSYSDRDTTEEESESLDDMDFLTRQKKLQAEAKMALAMAKPMAKMQVEVEKQNRKKSPVADLLPHMPHISECLMKRSLKPTDLRDMTIGQLQVIVNDLHSQIESLNEELVQLLLIRDELHTEQDAMLVDIEDLTRHAESQQKHMAEKMPAK	MOD_RES 193; /note="Phosphoserine"; /evidence="ECO:0007744|PubMed:23186163"
C9JLW8	MCRI1_HUMAN	Mapk-regulated corepressor-interacting protein 1 (Granulin-2) (Protein FAM195B)	MCRIP family	MTSSPVSRVVYNGKRTSSPRSPPSSSEIFTPAHEENVRFIYEAWQGVERDLRGQVPGGERGLVEEYVEKVPNPSLKTFKPIDLSDLKRRSTQDAKKS	MOD_RES 21; /note="Phosphoserine"; /evidence="ECO:0000269|PubMed:25728771, ECO:0007744|PubMed:20068231, ECO:0007744|PubMed:21406692"; MOD_RES 24; /note="Phosphoserine"; /evidence="ECO:0007744|PubMed:21406692"; MOD_RES 30; /note="Phosphothreonine"; /evidence="ECO:0000269|PubMed:25728771"; MOD_RES 41; /note="Phosphotyrosine"; /evidence="ECO:0000250|UniProtKB:Q3UGS4"; MOD_RES 79; /note="N6-acetyllysine"; /evidence="ECO:0007744|PubMed:19608861"
C9JRZ8	AK1BF_HUMAN	Aldo-keto reductase family 1 member B15 (EC 1.1.1.-) (EC 1.1.1.300) (EC 1.1.1.54) (Estradiol 17-beta-dehydrogenase AKR1B15) (Farnesol dehydrogenase) (EC 1.1.1.216) (Testosterone 17beta-dehydrogenase) (EC 1.1.1.64)	Aldo/keto reductase family	MATFVELSTKAKMPIVGLGTWRSLLGKVKEAVKVAIDAEYRHIDCAYFYENQHEVGEAIQEKIQEKAVMREDLFIVSKVWPTFFERPLVRKAFEKTLKDLKLSYLDVYLIHWPQGFKTGDDFFPKDDKGNMISGKGTFLDAWEAMEELVDEGLVKALGVSNFNHFQIERLLNKPGLKYKPVTNQVECHPYLTQEKLIQYCHSKGITVTAYSPLGSPDRPWAKPEDPSLLEDPKIKEIAAKHKKTTAQVLIRFHIQRNVTVIPKSMTPAHIVENIQVFDFKLSDEEMATILSFNRNWRAFDFKEFSHLEDFPFDAEY	MOD_RES 125; /note="N6-acetyllysine"; /evidence="ECO:0000250|UniProtKB:O60218"; MOD_RES 263; /note="N6-acetyllysine"; /evidence="ECO:0000250|UniProtKB:O60218"
O00116	ADAS_HUMAN	Alkyldihydroxyacetonephosphate synthase, peroxisomal (Alkyl-DHAP synthase) (EC 2.5.1.26) (Aging-associated gene 5 protein) (Alkylglycerone-phosphate synthase)	FAD-binding oxidoreductase/transferase type 4 family	MAEAAAAAGGTGLGAGASYGSAADRDRDPDPDRAGRRLRVLSGHLLGRPREALSTNECKARRAASAATAAPTATPAAQESGTIPKKRQEVMKWNGWGYNDSKFIFNKKGQIELTGKRYPLSGMGLPTFKEWIQNTLGVNVEHKTTSKASLNPSDTPPSVVNEDFLHDLKETNISYSQEADDRVFRAHGHCLHEIFLLREGMFERIPDIVLWPTCHDDVVKIVNLACKYNLCIIPIGGGTSVSYGLMCPADETRTIISLDTSQMNRILWVDENNLTAHVEAGITGQELERQLKESGYCTGHEPDSLEFSTVGGWVSTRASGMKKNIYGNIEDLVVHIKMVTPRGIIEKSCQGPRMSTGPDIHHFIMGSEGTLGVITEATIKIRPVPEYQKYGSVAFPNFEQGVACLREIAKQRCAPASIRLMDNKQFQFGHALKPQVSSIFTSFLDGLKKFYITKFKGFDPNQLSVATLLFEGDREKVLQHEKQVYDIAAKFGGLAAGEDNGQRGYLLTYVIAYIRDLALEYYVLGESFETSAPWDRVVDLCRNVKERITRECKEKGVQFAPFSTCRVTQTYDAGACIYFYFAFNYRGISDPLTVFEQTEAAAREEILANGGSLSHHHGVGKLRKQWLKESISDVGFGMLKSVKEYVDPNNIFGNRNLL	MOD_RES 65; /note="Phosphoserine"; /evidence="ECO:0007744|PubMed:23186163, ECO:0007744|PubMed:24275569"; MOD_RES 74; /note="Phosphothreonine"; /evidence="ECO:0007744|PubMed:23186163, ECO:0007744|PubMed:24275569"; MOD_RES 102; /note="N6-acetyllysine"; /evidence="ECO:0007744|PubMed:19608861"; MOD_RES 347; /note="N6-acetyllysine"; /evidence="ECO:0007744|PubMed:19608861"
O00159	MYO1C_HUMAN	Unconventional myosin-Ic (Myosin I beta) (MMI-beta) (MMIb)	TRAFAC class myosin-kinesin ATPase superfamily, Myosin family	MALQVELVPTGEIIRVVHPHRPCKLALGSDGVRVTMESALTARDRVGVQDFVLLENFTSEAAFIENLRRRFRENLIYTYIGPVLVSVNPYRDLQIYSRQHMERYRGVSFYEVPPHLFAVADTVYRALRTERRDQAVMISGESGAGKTEATKRLLQFYAETCPAPERGGAVRDRLLQSNPVLEAFGNAKTLRNDNSSRFGKYMDVQFDFKGAPVGGHILSYLLEKSRVVHQNHGERNFHIFYQLLEGGEEETLRRLGLERNPQSYLYLVKGQCAKVSSINDKSDWKVVRKALTVIDFTEDEVEDLLSIVASVLHLGNIHFAANEESNAQVTTENQLKYLTRLLSVEGSTLREALTHRKIIAKGEELLSPLNLEQAAYARDALAKAVYSRTFTWLVGKINRSLASKDVESPSWRSTTVLGLLDIYGFEVFQHNSFEQFCINYCNEKLQQLFIELTLKSEQEEYEAEGIAWEPVQYFNNKIICDLVEEKFKGIISILDEECLRPGEATDLTFLEKLEDTVKHHPHFLTHKLADQRTRKSLGRGEFRLLHYAGEVTYSVTGFLDKNNDLLFRNLKETMCSSKNPIMSQCFDRSELSDKKRPETVATQFKMSLLQLVEILQSKEPAYVRCIKPNDAKQPGRFDEVLIRHQVKYLGLLENLRVRRAGFAYRRKYEAFLQRYKSLCPETWPTWAGRPQDGVAVLVRHLGYKPEEYKMGRTKIFIRFPKTLFATEDALEVRRQSLATKIQAAWRGFHWRQKFLRVKRSAICIQSWWRGTLGRRKAAKRKWAAQTIRRLIRGFVLRHAPRCPENAFFLDHVRTSFLLNLRRQLPQNVLDTSWPTPPPALREASELLRELCIKNMVWKYCRSISPEWKQQLQQKAVASEIFKGKKDNYPQSVPRLFISTRLGTDEISPRVLQALGSEPIQYAVPVVKYDRKGYKPRSRQLLLTPNAVVIVEDAKVKQRIDYANLTGISVSSLSDSLFVLHVQRADNKQKGDVVLQSDHVIETLTKTALSANRVNSININQGSITFAGGPGRDGTIDFTPGSELLITKAKNGHLAVVAPRLNSR	MOD_RES 383; /note="N6-methyllysine"; /evidence="ECO:0000269|Ref.7"; MOD_RES 408; /note="Phosphoserine"; /evidence="ECO:0007744|PubMed:18669648, ECO:0007744|PubMed:20068231, ECO:0007744|PubMed:23186163"; MOD_RES 486; /note="N6-acetyllysine"; /evidence="ECO:0000250|UniProtKB:Q9WTI7"; MOD_RES 536; /note="Phosphoserine"; /evidence="ECO:0000250|UniProtKB:Q63355"; MOD_RES 864; /note="Phosphoserine"; /evidence="ECO:0000250|UniProtKB:Q63355"; MOD_RES 1041; /note="Phosphoserine"; /evidence="ECO:0000250|UniProtKB:Q63355"; MOD_RES O00159-2:1; /note="N-acetylmethionine"; /evidence="ECO:0007744|PubMed:22814378"
O00161	SNP23_HUMAN	Synaptosomal-associated protein 23 (SNAP-23) (Vesicle-membrane fusion protein SNAP-23)	SNAP-25 family	MDNLSSEEIQQRAHQITDESLESTRRILGLAIESQDAGIKTITMLDEQKEQLNRIEEGLDQINKDMRETEKTLTELNKCCGLCVCPCNRTKNFESGKAYKTTWGDGGENSPCNVVSKQPGPVTNGQLQQPTTGAASGGYIKRITNDAREDEMEENLTQVGSILGNLKDMALNIGNEIDAQNPQIKRITDKADTNRDRIDIANARAKKLIDS	MOD_RES 1; /note="N-acetylmethionine"; /evidence="ECO:0000269|PubMed:12665801, ECO:0000269|Ref.8, ECO:0007744|PubMed:19413330, ECO:0007744|PubMed:20068231, ECO:0007744|PubMed:21406692, ECO:0007744|PubMed:22223895, ECO:0007744|PubMed:22814378, ECO:0007744|PubMed:25944712"; MOD_RES 5; /note="Phosphoserine"; /evidence="ECO:0007744|PubMed:23186163"; MOD_RES 6; /note="Phosphoserine"; /evidence="ECO:0007744|PubMed:23186163"; MOD_RES 20; /note="Phosphoserine"; /evidence="ECO:0007744|PubMed:23186163, ECO:0007744|PubMed:24275569"; MOD_RES 23; /note="Phosphoserine"; /evidence="ECO:0000250|UniProtKB:O09044"; MOD_RES 34; /note="Phosphoserine"; /evidence="ECO:0007744|PubMed:21406692, ECO:0007744|PubMed:23186163"; MOD_RES 110; /note="Phosphoserine"; /evidence="ECO:0007744|PubMed:18669648, ECO:0007744|PubMed:20068231, ECO:0007744|PubMed:21406692, ECO:0007744|PubMed:23186163, ECO:0007744|PubMed:24275569"; MOD_RES 161; /note="Phosphoserine"; /evidence="ECO:0007744|PubMed:24275569"
O00165	HAX1_HUMAN	HCLS1-associated protein X-1 (HS1-associating protein X-1) (HAX-1) (HS1-binding protein 1) (HSP1BP-1)	HAX1 family	MSLFDLFRGFFGFPGPRSHRDPFFGGMTRDEDDDEEEEEEGGSWGRGNPRFHSPQHPPEEFGFGFSFSPGGGIRFHDNFGFDDLVRDFNSIFSDMGAWTLPSHPPELPGPESETPGERLREGQTLRDSMLKYPDSHQPRIFGGVLESDARSESPQPAPDWGSQRPFHRFDDVWPMDPHPRTREDNDLDSQVSQEGLGPVLQPQPKSYFKSISVTKITKPDGIVEERRTVVDSEGRTETTVTRHEADSSPRGDPESPRPPALDDAFSILDLFLGRWFRSR	MOD_RES 2; /note="N-acetylserine"; /evidence="ECO:0000269|Ref.8, ECO:0007744|PubMed:25944712"; MOD_RES 189; /note="Phosphoserine"; /evidence="ECO:0007744|PubMed:23186163"; MOD_RES 192; /note="Phosphoserine"; /evidence="ECO:0007744|PubMed:23186163"
O00168	PLM_HUMAN	Phospholemman (FXYD domain-containing ion transport regulator 1) (Sodium/potassium-transporting ATPase subunit FXYD1)	FXYD family	MASLGHILVFCVGLLTMAKAESPKEHDPFTYDYQSLQIGGLVIAGILFILGILIVLSRRCRCKFNQQQRTGEPDEEEGTFRSSIRRLSTRRR	MOD_RES 62; /note="S-glutathionyl cysteine; alternate"; /evidence="ECO:0000250|UniProtKB:P56513"; MOD_RES 79; /note="Phosphothreonine"; /evidence="ECO:0000250|UniProtKB:Q9Z239"; MOD_RES 82; /note="Phosphoserine"; /evidence="ECO:0000250|UniProtKB:Q9Z239"; MOD_RES 83; /note="Phosphoserine; by PKA and PKC"; /evidence="ECO:0000250|UniProtKB:P56513"; MOD_RES 88; /note="Phosphoserine; by PKA"; /evidence="ECO:0000269|PubMed:21868384"; MOD_RES 89; /note="Phosphothreonine; by PKC"; /evidence="ECO:0000250|UniProtKB:P56513"
O00268	TAF4_HUMAN	Transcription initiation factor TFIID subunit 4 (RNA polymerase II TBP-associated factor subunit C) (TBP-associated factor 4) (Transcription initiation factor TFIID 130 kDa subunit) (TAF(II)130) (TAFII-130) (TAFII130) (Transcription initiation factor TFIID 135 kDa subunit) (TAF(II)135) (TAFII-135) (TAFII135)	TAF4 family	MAAGSDLLDEVFFNSEVDEKVVSDLVGSLESQLAASAAHHHHLAPRTPEVRAAAAGALGNHVVSGSPAGAAGAGPAAPAEGAPGAAPEPPPAGRARPGGGGPQRPGPPSPRRPLVPAGPAPPAAKLRPPPEGSAGSCAPVPAAAAVAAGPEPAPAGPAKPAGPAALAARAGPGPGPGPGPGPGPGPGKPAGPGAAQTLNGSAALLNSHHAAAPAVSLVNNGPAALLPLPKPAAPGTVIQTPPFVGAAAPPAPAAPSPPAAPAPAAPAAAPPPPPPAPATLARPPGHPAGPPTAAPAVPPPAAAQNGGSAGAAPAPAPAAGGPAGVSGQPGPGAAAAAPAPGVKAESPKRVVQAAPPAAQTLAASGPASTAASMVIGPTMQGALPSPAAVPPPAPGTPTGLPKGAAGAVTQSLSRTPTATTSGIRATLTPTVLAPRLPQPPQNPTNIQNFQLPPGMVLVRSENGQLLMIPQQALAQMQAQAHAQPQTTMAPRPATPTSAPPVQISTVQAPGTPIIARQVTPTTIIKQVSQAQTTVQPSATLQRSPGVQPQLVLGGAAQTASLGTATAVQTGTPQRTVPGATTTSSAATETMENVKKCKNFLSTLIKLASSGKQSTETAANVKELVQNLLDGKIEAEDFTSRLYRELNSSPQPYLVPFLKRSLPALRQLTPDSAAFIQQSQQQPPPPTSQATTALTAVVLSSSVQRTAGKTAATVTSALQPPVLSLTQPTQVGVGKQGQPTPLVIQQPPKPGALIRPPQVTLTQTPMVALRQPHNRIMLTTPQQIQLNPLQPVPVVKPAVLPGTKALSAVSAQAAAAQKNKLKEPGGGSFRDDDDINDVASMAGVNLSEESARILATNSELVGTLTRSCKDETFLLQAPLQRRILEIGKKHGITELHPDVVSYVSHATQQRLQNLVEKISETAQQKNFSYKDDDRYEQASDVRAQLKFFEQLDQIEKQRKDEQEREILMRAAKSRSRQEDPEQLRLKQKAKEMQQQELAQMRQRDANLTALAAIGPRKKRKVDCPGPGSGAEGSGPGSVVPGSSGVGTPRQFTRQRITRVNLRDLIFCLENERETSHSLLLYKAFLK	MOD_RES 109; /note="Phosphoserine"; /evidence="ECO:0007744|PubMed:23186163"; MOD_RES 424; /note="Asymmetric dimethylarginine"; /evidence="ECO:0007744|PubMed:24129315"; MOD_RES 435; /note="Asymmetric dimethylarginine"; /evidence="ECO:0007744|PubMed:24129315"; MOD_RES 594; /note="N6,N6-dimethyllysine"; /evidence="ECO:0007744|PDB:2P6V"; MOD_RES 595; /note="N6,N6-dimethyllysine"; /evidence="ECO:0007744|PDB:2P6V"; MOD_RES 597; /note="N6,N6-dimethyllysine"; /evidence="ECO:0007744|PDB:2P6V"; MOD_RES 605; /note="N6,N6-dimethyllysine"; /evidence="ECO:0007744|PDB:2P6V"; MOD_RES 611; /note="N6,N6-dimethyllysine"; /evidence="ECO:0007744|PDB:2P6V"; MOD_RES 621; /note="N6,N6-dimethyllysine"; /evidence="ECO:0007744|PDB:2P6V"; MOD_RES 631; /note="N6,N6-dimethyllysine"; /evidence="ECO:0007744|PDB:2P6V"; MOD_RES 658; /note="N6,N6-dimethyllysine"; /evidence="ECO:0007744|PDB:2P6V"
O00291	HIP1_HUMAN	Huntingtin-interacting protein 1 (HIP-1) (Huntingtin-interacting protein I) (HIP-I)	SLA2 family	MDRMASSMKQVPNPLPKVLSRRGVGAGLEAAERESFERTQTVSINKAINTQEVAVKEKHARTCILGTHHEKGAQTFWSVVNRLPLSSNAVLCWKFCHVFHKLLRDGHPNVLKDSLRYRNELSDMSRMWGHLSEGYGQLCSIYLKLLRTKMEYHTKNPRFPGNLQMSDRQLDEAGESDVNNFFQLTVEMFDYLECELNLFQTVFNSLDMSRSVSVTAAGQCRLAPLIQVILDCSHLYDYTVKLLFKLHSCLPADTLQGHRDRFMEQFTKLKDLFYRSSNLQYFKRLIQIPQLPENPPNFLRASALSEHISPVVVIPAEASSPDSEPVLEKDDLMDMDASQQNLFDNKFDDIFGSSFSSDPFNFNSQNGVNKDEKDHLIERLYREISGLKAQLENMKTESQRVVLQLKGHVSELEADLAEQQHLRQQAADDCEFLRAELDELRRQREDTEKAQRSLSEIERKAQANEQRYSKLKEKYSELVQNHADLLRKNAEVTKQVSMARQAQVDLEREKKELEDSLERISDQGQRKTQEQLEVLESLKQELATSQRELQVLQGSLETSAQSEANWAAEFAELEKERDSLVSGAAHREEELSALRKELQDTQLKLASTEESMCQLAKDQRKMLLVGSRKAAEQVIQDALNQLEEPPLISCAGSADHLLSTVTSISSCIEQLEKSWSQYLACPEDISGLLHSITLLAHLTSDAIAHGATTCLRAPPEPADSLTEACKQYGRETLAYLASLEEEGSLENADSTAMRNCLSKIKAIGEELLPRGLDIKQEELGDLVDKEMAATSAAIETATARIEEMLSKSRAGDTGVKLEVNERILGCCTSLMQAIQVLIVASKDLQREIVESGRGTASPKEFYAKNSRWTEGLISASKAVGWGATVMVDAADLVVQGRGKFEELMVCSHEIAASTAQLVAASKVKADKDSPNLAQLQQASRGVNQATAGVVASTISGKSQIEETDNMDFSSMTLTQIKRQEMDSQVRVLELENELQKERQKLGELRKKHYELAGVAEGWEEGTEASPPTLQEVVTEKE	MOD_RES 338; /note="Phosphoserine"; /evidence="ECO:0007744|PubMed:24275569"
O00329	PK3CD_HUMAN	Phosphatidylinositol 4,5-bisphosphate 3-kinase catalytic subunit delta isoform (PI3-kinase subunit delta) (PI3K-delta) (PI3Kdelta) (PtdIns-3-kinase subunit delta) (EC 2.7.1.137) (EC 2.7.1.153) (Phosphatidylinositol 4,5-bisphosphate 3-kinase 110 kDa catalytic subunit delta) (PtdIns-3-kinase subunit p110-delta) (p110delta)	PI3/PI4-kinase family	MPPGVDCPMEFWTKEENQSVVVDFLLPTGVYLNFPVSRNANLSTIKQLLWHRAQYEPLFHMLSGPEAYVFTCINQTAEQQELEDEQRRLCDVQPFLPVLRLVAREGDRVKKLINSQISLLIGKGLHEFDSLCDPEVNDFRAKMCQFCEEAAARRQQLGWEAWLQYSFPLQLEPSAQTWGPGTLRLPNRALLVNVKFEGSEESFTFQVSTKDVPLALMACALRKKATVFRQPLVEQPEDYTLQVNGRHEYLYGSYPLCQFQYICSCLHSGLTPHLTMVHSSSILAMRDEQSNPAPQVQKPRAKPPPIPAKKPSSVSLWSLEQPFRIELIQGSKVNADERMKLVVQAGLFHGNEMLCKTVSSSEVSVCSEPVWKQRLEFDINICDLPRMARLCFALYAVIEKAKKARSTKKKSKKADCPIAWANLMLFDYKDQLKTGERCLYMWPSVPDEKGELLNPTGTVRSNPNTDSAAALLICLPEVAPHPVYYPALEKILELGRHSECVHVTEEEQLQLREILERRGSGELYEHEKDLVWKLRHEVQEHFPEALARLLLVTKWNKHEDVAQMLYLLCSWPELPVLSALELLDFSFPDCHVGSFAIKSLRKLTDDELFQYLLQLVQVLKYESYLDCELTKFLLDRALANRKIGHFLFWHLRSEMHVPSVALRFGLILEAYCRGSTHHMKVLMKQGEALSKLKALNDFVKLSSQKTPKPQTKELMHLCMRQEAYLEALSHLQSPLDPSTLLAEVCVEQCTFMDSKMKPLWIMYSNEEAGSGGSVGIIFKNGDDLRQDMLTLQMIQLMDVLWKQEGLDLRMTPYGCLPTGDRTGLIEVVLRSDTIANIQLNKSNMAATAAFNKDALLNWLKSKNPGEALDRAIEEFTLSCAGYCVATYVLGIGDRHSDNIMIRESGQLFHIDFGHFLGNFKTKFGINRERVPFILTYDFVHVIQQGKTNNSEKFERFRGYCERAYTILRRHGLLFLHLFALMRAAGLPELSCSKDIQYLKDSLALGKTEEEALKHFRVKFNEALRESWKTKVNWLAHNVSKDNRQ	MOD_RES 524; /note="Phosphotyrosine"; /evidence="ECO:0007744|PubMed:19369195"; MOD_RES 1039; /note="Phosphoserine; by autocatalysis"; /evidence="ECO:0000269|PubMed:10064595, ECO:0007744|PubMed:19369195, ECO:0007744|PubMed:23186163"
O00330	ODPX_HUMAN	Pyruvate dehydrogenase protein X component, mitochondrial (Dihydrolipoamide dehydrogenase-binding protein of pyruvate dehydrogenase complex) (E3-binding protein) (E3BP) (Lipoyl-containing pyruvate dehydrogenase complex component X) (proX)	2-oxoacid dehydrogenase family	MAASWRLGCDPRLLRYLVGFPGRRSVGLVKGALGWSVSRGANWRWFHSTQWLRGDPIKILMPSLSPTMEEGNIVKWLKKEGEAVSAGDALCEIETDKAVVTLDASDDGILAKIVVEEGSKNIRLGSLIGLIVEEGEDWKHVEIPKDVGPPPPVSKPSEPRPSPEPQISIPVKKEHIPGTLRFRLSPAARNILEKHSLDASQGTATGPRGIFTKEDALKLVQLKQTGKITESRPTPAPTATPTAPSPLQATAGPSYPRPVIPPVSTPGQPNAVGTFTEIPASNIRRVIAKRLTESKSTVPHAYATADCDLGAVLKVRQDLVKDDIKVSVNDFIIKAAAVTLKQMPDVNVSWDGEGPKQLPFIDISVAVATDKGLLTPIIKDAAAKGIQEIADSVKALSKKARDGKLLPEEYQGGSFSISNLGMFGIDEFTAVINPPQACILAVGRFRPVLKLTEDEEGNAKLQQRQLITVTMSSDSRVVDDELATRFLKSFKANLENPIRLA	MOD_RES 97; /note="N6-lipoyllysine"; /evidence="ECO:0000255|PROSITE-ProRule:PRU01066, ECO:0000269|PubMed:25525879"; MOD_RES 194; /note="N6-acetyllysine"; /evidence="ECO:0007744|PubMed:19608861"; MOD_RES 196; /note="Phosphoserine"; /evidence="ECO:0007744|PubMed:24275569"; MOD_RES 394; /note="N6-succinyllysine"; /evidence="ECO:0000250|UniProtKB:Q8BKZ9"
O00400	ACATN_HUMAN	Acetyl-coenzyme A transporter 1 (AT-1) (Acetyl-CoA transporter 1) (Solute carrier family 33 member 1)	SLC33A transporter family	MSPTISHKDSSRQRRPGNFSHSLDMKSGPLPPGGWDDSHLDSAGREGDREALLGDTGTGDFLKAPQSFRAELSSILLLLFLYVLQGIPLGLAGSIPLILQSKNVSYTDQAFFSFVFWPFSLKLLWAPLVDAVYVKNFGRRKSWLVPTQYILGLFMIYLSTQVDRLLGNTDDRTPDVIALTVAFFLFEFLAATQDIAVDGWALTMLSRENVGYASTCNSVGQTAGYFLGNVLFLALESADFCNKYLRFQPQPRGIVTLSDFLFFWGTVFLITTTLVALLKKENEVSVVKEETQGITDTYKLLFAIIKMPAVLTFCLLILTAKIGFSAADAVTGLKLVEEGVPKEHLALLAVPMVPLQIILPLIISKYTAGPQPLNTFYKAMPYRLLLGLEYALLVWWTPKVEHQGGFPIYYYIVVLLSYALHQVTVYSMYVSIMAFNAKVSDPLIGGTYMTLLNTVSNLGGNWPSTVALWLVDPLTVKECVGASNQNCRTPDAVELCKKLGGSCVTALDGYYVESIICVFIGFGWWFFLGPKFKKLQDEGSSSWKCKRNN	MOD_RES 22; /note="Phosphoserine"; /evidence="ECO:0007744|PubMed:23186163"; MOD_RES 42; /note="Phosphoserine"; /evidence="ECO:0000250|UniProtKB:Q99J27"
O00409	FOXN3_HUMAN	Forkhead box protein N3 (Checkpoint suppressor 1)		MGPVMPPSKKPESSGISVSSGLSQCYGGSGFSKALQEDDDLDFSLPDIRLEEGAMEDEELTNLNWLHESKNLLKSFGESVLRSVSPVQDLDDDTPPSPAHSDMPYDARQNPNCKPPYSFSCLIFMAIEDSPTKRLPVKDIYNWILEHFPYFANAPTGWKNSVRHNLSLNKCFKKVDKERSQSIGKGSLWCIDPEYRQNLIQALKKTPYHPHPHVFNTPPTCPQAYQSTSGPPIWPGSTFFKRNGALLQDPDIDAASAMMLLNTPPEIQAGFPPGVIQNGARVLSRGLFPGVRPLPITPIGVTAAMRNGITSCRMRTESEPSCGSPVVSGDPKEDHNYSSAKSSNARSTSPTSDSISSSSSSADDHYEFATKGSQEGSEGSEGSFRSHESPSDTEEDDRKHSQKEPKDSLGDSGYASQHKKRQHFAKARKVPSDTLPLKKRRTEKPPESDDEEMKEAAGSLLHLAGIRSCLNNITNRTAKGQKEQKETTKN	MOD_RES 83; /note="Phosphoserine"; /evidence="ECO:0000250|UniProtKB:Q499D0"; MOD_RES 85; /note="Phosphoserine"; /evidence="ECO:0007744|PubMed:19690332"; MOD_RES 97; /note="Phosphoserine"; /evidence="ECO:0000250|UniProtKB:Q499D0"; MOD_RES 448; /note="Phosphoserine"; /evidence="ECO:0000250|UniProtKB:Q499D0"
O00422	SAP18_HUMAN	Histone deacetylase complex subunit SAP18 (18 kDa Sin3-associated polypeptide) (2HOR0202) (Cell growth-inhibiting gene 38 protein) (Sin3-associated polypeptide p18)	SAP18 family	MAVESRVTQEEIKKEPEKPIDREKTCPLLLRVFTTNNGRHHRMDEFSRGNVPSSELQIYTWMDATLKELTSLVKEVYPEARKKGTHFNFAIVFTDVKRPGYRVKEIGSTMSGRKGTDDSMTLQSQKFQIGDYLDIAITPPNRAPPPSGRMRPY	MOD_RES 2; /note="N-acetylalanine"; /evidence="ECO:0007744|PubMed:19413330"
O00444	PLK4_HUMAN	Serine/threonine-protein kinase PLK4 (EC 2.7.11.21) (Polo-like kinase 4) (PLK-4) (Serine/threonine-protein kinase 18) (Serine/threonine-protein kinase Sak)	Protein kinase superfamily, Ser/Thr protein kinase family, CDC5/Polo subfamily	MATCIGEKIEDFKVGNLLGKGSFAGVYRAESIHTGLEVAIKMIDKKAMYKAGMVQRVQNEVKIHCQLKHPSILELYNYFEDSNYVYLVLEMCHNGEMNRYLKNRVKPFSENEARHFMHQIITGMLYLHSHGILHRDLTLSNLLLTRNMNIKIADFGLATQLKMPHEKHYTLCGTPNYISPEIATRSAHGLESDVWSLGCMFYTLLIGRPPFDTDTVKNTLNKVVLADYEMPSFLSIEAKDLIHQLLRRNPADRLSLSSVLDHPFMSRNSSTKSKDLGTVEDSIDSGHATISTAITASSSTSISGSLFDKRRLLIGQPLPNKMTVFPKNKSSTDFSSSGDGNSFYTQWGNQETSNSGRGRVIQDAEERPHSRYLRRAYSSDRSGTSNSQSQAKTYTMERCHSAEMLSVSKRSGGGENEERYSPTDNNANIFNFFKEKTSSSSGSFERPDNNQALSNHLCPGKTPFPFADPTPQTETVQQWFGNLQINAHLRKTTEYDSISPNRDFQGHPDLQKDTSKNAWTDTKVKKNSDASDNAHSVKQQNTMKYMTALHSKPEIIQQECVFGSDPLSEQSKTRGMEPPWGYQNRTLRSITSPLVAHRLKPIRQKTKKAVVSILDSEEVCVELVKEYASQEYVKEVLQISSDGNTITIYYPNGGRGFPLADRPPSPTDNISRYSFDNLPEKYWRKYQYASRFVQLVRSKSPKITYFTRYAKCILMENSPGADFEVWFYDGVKIHKTEDFIQVIEKTGKSYTLKSESEVNSLKEEIKMYMDHANEGHRICLALESIISEEERKTRSAPFFPIIIGRKPGSTSSPKALSPPPSVDSNYPTRERASFNRMVMHSAASPTQAPILNPSMVTNEGLGLTTTASGTDISSNSLKDCLPKSAQLLKSVFVKNVGWATQLTSGAVWVQFNDGSQLVVQAGVSSISYTSPNGQTTRYGENEKLPDYIKQKLQCLSSILLMFSNPTPNFH	MOD_RES 45; /note="N6-acetyllysine"; /evidence="ECO:0000269|PubMed:27796307"; MOD_RES 46; /note="N6-acetyllysine"; /evidence="ECO:0000269|PubMed:27796307"; MOD_RES 401; /note="Phosphoserine"; /evidence="ECO:0007744|PubMed:18691976, ECO:0007744|PubMed:19369195"; MOD_RES 665; /note="Phosphoserine"; /evidence="ECO:0007744|PubMed:23186163"; MOD_RES 817; /note="Phosphoserine"; /evidence="ECO:0007744|PubMed:19369195"
O00453	LST1_HUMAN	Leukocyte-specific transcript 1 protein (Protein B144)	LST1 family	MLSRNDDICIYGGLGLGGLLLLAVVLLSACLCWLHRRVKRLERSWAQGSSEQELHYASLQRLPVPSSEGPDLRGRDKRGTKEDPRADYACIAENKPT	MOD_RES 58; /note="Phosphoserine"; /evidence="ECO:0007744|PubMed:24275569"
O00487	PSDE_HUMAN	26S proteasome non-ATPase regulatory subunit 14 (EC 3.4.19.-) (26S proteasome regulatory subunit RPN11) (26S proteasome-associated PAD1 homolog 1)	Peptidase M67A family, PSMD14 subfamily	MDRLLRLGGGMPGLGQGPPTDAPAVDTAEQVYISSLALLKMLKHGRAGVPMEVMGLMLGEFVDDYTVRVIDVFAMPQSGTGVSVEAVDPVFQAKMLDMLKQTGRPEMVVGWYHSHPGFGCWLSGVDINTQQSFEALSERAVAVVVDPIQSVKGKVVIDAFRLINANMMVLGHEPRQTTSNLGHLNKPSIQALIHGLNRHYYSITINYRKNELEQKMLLNLHKKSWMEGLTLQDYSEHCKHNESVVKEMLELAKNYNKAVEEEDKMTPEQLAIKNVGKQDPKRHLEEHVDVLMTSNIVQCLAAMLDTVVFK	MOD_RES 150; /note="Phosphoserine"; /evidence="ECO:0007744|PubMed:17693683, ECO:0007744|PubMed:24275569"; MOD_RES 224; /note="Phosphoserine"; /evidence="ECO:0007744|PubMed:17323924"; MOD_RES 266; /note="Phosphothreonine"; /evidence="ECO:0007744|PubMed:23186163"
O00505	IMA4_HUMAN	Importin subunit alpha-4 (Importin alpha Q2) (Qip2) (Karyopherin subunit alpha-3) (SRP1-gamma)	Importin alpha family	MAENPSLENHRIKSFKNKGRDVETMRRHRNEVTVELRKNKRDEHLLKKRNVPQEESLEDSDVDADFKAQNVTLEAILQNATSDNPVVQLSAVQAARKLLSSDRNPPIDDLIKSGILPILVKCLERDDNPSLQFEAAWALTNIASGTSAQTQAVVQSNAVPLFLRLLRSPHQNVCEQAVWALGNIIGDGPQCRDYVISLGVVKPLLSFISPSIPITFLRNVTWVIVNLCRNKDPPPPMETVQEILPALCVLIYHTDINILVDTVWALSYLTDGGNEQIQMVIDSGVVPFLVPLLSHQEVKVQTAALRAVGNIVTGTDEQTQVVLNCDVLSHFPNLLSHPKEKINKEAVWFLSNITAGNQQQVQAVIDAGLIPMIIHQLAKGDFGTQKEAAWAISNLTISGRKDQVEYLVQQNVIPPFCNLLSVKDSQVVQVVLDGLKNILIMAGDEASTIAEIIEECGGLEKIEVLQQHENEDIYKLAFEIIDQYFSGDDIDEDPCLIPEATQGGTYNFDPTANLQTKEFNF	MOD_RES 2; /note="N-acetylalanine"; /evidence="ECO:0007744|PubMed:19413330"; MOD_RES 56; /note="Phosphoserine"; /evidence="ECO:0007744|PubMed:19690332, ECO:0007744|PubMed:20068231, ECO:0007744|PubMed:23186163, ECO:0007744|PubMed:24275569"; MOD_RES 60; /note="Phosphoserine"; /evidence="ECO:0007744|PubMed:17081983, ECO:0007744|PubMed:18318008, ECO:0007744|PubMed:19690332, ECO:0007744|PubMed:20068231, ECO:0007744|PubMed:21406692, ECO:0007744|PubMed:23186163, ECO:0007744|PubMed:24275569"; MOD_RES 484; /note="Phosphotyrosine"; /evidence="ECO:0007744|PubMed:24275569"
O00506	STK25_HUMAN	Serine/threonine-protein kinase 25 (EC 2.7.11.1) (Ste20-like kinase) (Sterile 20/oxidant stress-response kinase 1) (SOK-1) (Ste20/oxidant stress response kinase 1)	Protein kinase superfamily, STE Ser/Thr protein kinase family, STE20 subfamily	MAHLRGFANQHSRVDPEELFTKLDRIGKGSFGEVYKGIDNHTKEVVAIKIIDLEEAEDEIEDIQQEITVLSQCDSPYITRYFGSYLKSTKLWIIMEYLGGGSALDLLKPGPLEETYIATILREILKGLDYLHSERKIHRDIKAANVLLSEQGDVKLADFGVAGQLTDTQIKRNTFVGTPFWMAPEVIKQSAYDFKADIWSLGITAIELAKGEPPNSDLHPMRVLFLIPKNSPPTLEGQHSKPFKEFVEACLNKDPRFRPTAKELLKHKFITRYTKKTSFLTELIDRYKRWKSEGHGEESSSEDSDIDGEAEDGEQGPIWTFPPTIRPSPHSKLHKGTALHSSQKPAEPVKRQPRSQCLSTLVRPVFGELKEKHKQSGGSVGALEELENAFSLAEESCPGISDKLMVHLVERVQRFSHNRNHLTSTR	MOD_RES 174; /note="Phosphothreonine; by autocatalysis"; /evidence="ECO:0000269|PubMed:15037601"; MOD_RES 278; /note="Phosphoserine"; /evidence="ECO:0000250|UniProtKB:Q9Z2W1"
O00507	USP9Y_HUMAN	Probable ubiquitin carboxyl-terminal hydrolase FAF-Y (EC 3.4.19.12) (Deubiquitinating enzyme FAF-Y) (Fat facets protein-related, Y-linked) (Ubiquitin thioesterase FAF-Y) (Ubiquitin-specific protease 9, Y chromosome) (Ubiquitin-specific-processing protease FAF-Y)	Peptidase C19 family	MTAITHGSPVGGNDSQGQVLDGQSQHLFQQNQTSSPDSSNENSVATPPPEEQGQGDAPPQHEDEEPAFPHTELANLDDMINRPRWVVPVLPKGELEVLLEAAIDLSVKGLDVKSEACQRFFRDGLTISFTKILMDEAVSGWKFEIHRCIINNTHRLVELCVAKLSQDWFPLLELLAMALNPHCKFHIYNGTRPCELISSNAQLPEDELFARSSDPRSPKGWLVDLINKFGTLNGFQILHDRFFNGSALNIQIIAALIKPFGQCYEFLSQHTLKKYFIPVIEIVPHLLENLTDEELKKEAKNEAKNDALSMIIKSLKNLASRISGQDETIKNLEIFRLKMILRLLQISSFNGKMNALNEINKVISSVSYYTHRHSNPEEEEWLTAERMAEWIQQNNILSIVLQDSLHQPQYVEKLEKILRFVIKEKALTLQDLDNIWAAQAGKHEAIVKNVHDLLAKLAWDFSPGQLDHLFDCFKASWTNASKKQREKLLELIRRLAEDDKDGVMAHKVLNLLWNLAQSDDVPVDIMDLALSAHIKILDYSCSQDRDAQKIQWIDHFIEELRTNDKWVIPALKQIREICSLFGEASQNLSQTQRSPHIFYRHDLINQLQQNHALVTLVAENLATYMNSIRLYAGDHEDYDPQTVRLGSRYSHVQEVQERLNFLRFLLKDGQLWLCAPQAKQIWKCLAENAVYLCDREACFKWYSKLMGDEPDLDPDINKDFFESNVLQLDPSLLTENGMKCFERFFKAVNCRERKLIAKRRSYMMDDLELIGLDYLWRVVIQSSDEIANRAIDLLKEIYTNLGPRLKANQVVIHEDFIQSCFDRLKASYDTLCVFDGDKNSINCARQEAIRMVRVLTVIKEYINECDSDYHKERMILPMSRAFRGKHLSLIVRFPNQGRQVDELDIWSHTNDTIGSVRRCIVNRIKANVAHKKIELFVGGELIDSEDDRKLIGQLNLKDKSLITAKLTQINFNMPSSPDSSSDSSTASPGNHRNHYNDGPNLEVESCLPGVIMSVHPRYISFLWQVADLGSNLNMPPLRDGARVLMKLMPPDRTAVEKLRAVCLDHAKLGEGKLSPPLDSLFFGPSASQVLYLTEVVYALLMPAGVPLTDGSSDFQVHFLKSGGLPLVLSMLIRNNFLPNTDMETRRGAYLNALKIAKLLLTAIGYGHVRAVAEACQPVVDGTDPITQINQVTHDQAVVLQSALQSIPNPSSECVLRNESILLAQEISNEASRYMPDICVIRAIQKIIWASACGALGLVFSPNEEITKIYQMTTNGSNKLEVEDEQVCCEALEVMTLCFALLPTALDALSKEKAWQTFIIDLLLHCPSKTVRQLAQEQFFLMCTRCCMGHRPLLFFITLLFTILGSTAREKGKYSGDYFTLLRHLLNYAYNGNINIPNAEVLLVSEIDWLKRIRDNVKNTGETGVEEPILEGHLGVTKELLAFQTSEKKYHFGCEKGGANLIKELIDDFIFPASKVYLQYLRSGELPAEQAIPVCSSPVTINAGFELLVALAIGCVRNLKQIVDCLTEMYYMGTAITTCEALTEWEYLPPVGPRPPKGFVGLKNAGATCYMNSVIQQLYMIPSIRNSILAIEGTGSDLHDDMFGDEKQDSESNVDPRDDVFGYPHQFEDKPALSKTEDRKEYNIGVLRHLQVIFGHLAASQLQYYVPRGFWKQFRLWGEPVNLREQHDALEFFNSLVDSLDEALKALGHPAILSKVLGGSFADQKICQGCPHRYECEESFTTLNVDIRNHQNLLDSLEQYIKGDLLEGANAYHCEKCDKKVDTVKRLLIKKLPRVLAIQLKRFDYDWERECAIKFNDYFEFPRELDMGPYTVAGVANLERDNVNSENELIEQKEQSDNETAGGTKYRLVGVLVHSGQASGGHYYSYIIQRNGKDDQTDHWYKFDDGDVTECKMDDDEEMKNQCFGGEYMGEVFDHMMKRMSYRRQKRWWNAYILFYEQMDMIDEDDEMIRYISELTIARPHQIIMSPAIERSVRKQNVKFMHNRLQYSLEYFQFVKKLLTCNGVYLNPAPGQDYLLPEAEEITMISIQLAARFLFTTGFHTKKIVRGPASDWYDALCVLLRHSKNVRFWFTHNVLFNVSNRFSEYLLECPSAEVRGAFAKLIVFIAHFSLQDGSCPSPFASPGPSSQACDNLSLSDHLLRATLNLLRREVSEHGHHLQQYFNLFVMYANLGVAEKTQLLKLNVPATFMLVSLDEGPGPPIKYQYAELGKLYSVVSQLIRCCNVSSTMQSSINGNPPLPNPFGDLNLSQPIMPIQQNVLDILFVRTSYVKKIIEDCSNSEDTIKLLRFCSWENPQFSSTVLSELLWQVAYSYTYELRPYLDLLFQILLIEDSWQTHRIHNALKGIPDDRDGLFDTIQRSKNHYQKRAYQCIKCMVALFSSCPVAYQILQGNGDLKRKWTWAVEWLGDELERRPYTGNPQYSYNNWSPPVQSNETANGYFLERSHSARMTLAKACELCPEEEPDDQDAPDEHEPSPSEDAPLYPHSPASQYQQNNHVHGQPYTGPAAHHLNNPQKTGQRTQENYEGNEEVSSPQMKDQ	MOD_RES 589; /note="Phosphoserine"; /evidence="ECO:0000250|UniProtKB:Q93008"; MOD_RES 591; /note="Phosphothreonine"; /evidence="ECO:0000250|UniProtKB:Q93008"; MOD_RES 2444; /note="Phosphoserine"; /evidence="ECO:0000250|UniProtKB:Q93008"; MOD_RES 2541; /note="Phosphotyrosine"; /evidence="ECO:0000250|UniProtKB:Q93008"; MOD_RES 2548; /note="Phosphoserine"; /evidence="ECO:0000250|UniProtKB:Q93008"
O00560	SDCB1_HUMAN	Syntenin-1 (Melanoma differentiation-associated protein 9) (MDA-9) (Pro-TGF-alpha cytoplasmic domain-interacting protein 18) (TACIP18) (Scaffold protein Pbp1) (Syndecan-binding protein 1)		MSLYPSLEDLKVDKVIQAQTAFSANPANPAILSEASAPIPHDGNLYPRLYPELSQYMGLSLNEEEIRANVAVVSGAPLQGQLVARPSSINYMVAPVTGNDVGIRRAEIKQGIREVILCKDQDGKIGLRLKSIDNGIFVQLVQANSPASLVGLRFGDQVLQINGENCAGWSSDKAHKVLKQAFGEKITMTIRDRPFERTITMHKDSTGHVGFIFKNGKITSIVKDSSAARNGLLTEHNICEINGQNVIGLKDSQIADILSTSGTVVTITIMPAFIFEHIIKRMAPSIMKSLMDHTIPEV	MOD_RES 2; /note="N-acetylserine"; /evidence="ECO:0000269|Ref.9, ECO:0007744|PubMed:19413330"; MOD_RES 6; /note="Phosphoserine"; /evidence="ECO:0007744|PubMed:23186163"; MOD_RES 46; /note="Phosphotyrosine"; /evidence="ECO:0007744|PubMed:24275569"
O00622	CCN1_HUMAN	CCN family member 1 (Cellular communication network factor 1) (Cysteine-rich angiogenic inducer 61) (Insulin-like growth factor-binding protein 10) (IBP-10) (IGF-binding protein 10) (IGFBP-10) (Protein CYR61) (Protein GIG1)	CCN family	MSSRIARALALVVTLLHLTRLALSTCPAACHCPLEAPKCAPGVGLVRDGCGCCKVCAKQLNEDCSKTQPCDHTKGLECNFGASSTALKGICRAQSEGRPCEYNSRIYQNGESFQPNCKHQCTCIDGAVGCIPLCPQELSLPNLGCPNPRLVKVTGQCCEEWVCDEDSIKDPMEDQDGLLGKELGFDASEVELTRNNELIAVGKGSSLKRLPVFGMEPRILYNPLQGQKCIVQTTSWSQCSKTCGTGISTRVTNDNPECRLVKETRICEVRPCGQPVYSSLKKGKKCSKTKKSPEPVRFTYAGCLSVKKYRPKYCGSCVDGRCCTPQLTRTVKMRFRCEDGETFSKNVMMIQSCKCNYNCPHANEAAFPFYRLFNDIHKFRD	MOD_RES 188; /note="Phosphoserine; by FAM20C"; /evidence="ECO:0000269|PubMed:26091039"
O00635	TRI38_HUMAN	E3 ubiquitin-protein ligase TRIM38 (EC 2.3.2.27) (RING finger protein 15) (Tripartite motif-containing protein 38) (Zinc finger protein RoRet)		MASTTSTKKMMEEATCSICLSLMTNPVSINCGHSYCHLCITDFFKNPSQKQLRQETFCCPQCRAPFHMDSLRPNKQLGSLIEALKETDQEMSCEEHGEQFHLFCEDEGQLICWRCERAPQHKGHTTALVEDVCQGYKEKLQKAVTKLKQLEDRCTEQKLSTAMRITKWKEKVQIQRQKIRSDFKNLQCFLHEEEKSYLWRLEKEEQQTLSRLRDYEAGLGLKSNELKSHILELEEKCQGSAQKLLQNVNDTLSRSWAVKLETSEAVSLELHTMCNVSKLYFDVKKMLRSHQVSVTLDPDTAHHELILSEDRRQVTRGYTQENQDTSSRRFTAFPCVLGCEGFTSGRRYFEVDVGEGTGWDLGVCMENVQRGTGMKQEPQSGFWTLRLCKKKGYVALTSPPTSLHLHEQPLLVGIFLDYEAGVVSFYNGNTGCHIFTFPKASFSDTLRPYFQVYQYSPLFLPPPGD	MOD_RES 70; /note="Phosphoserine"; /evidence="ECO:0007744|PubMed:24275569"
O00712	NFIB_HUMAN	Nuclear factor 1 B-type (NF1-B) (Nuclear factor 1/B) (CCAAT-box-binding transcription factor) (CTF) (Nuclear factor I/B) (NF-I/B) (NFI-B) (TGGCA-binding protein)	CTF/NF-I family	MMYSPICLTQDEFHPFIEALLPHVRAIAYTWFNLQARKRKYFKKHEKRMSKDEERAVKDELLSEKPEIKQKWASRLLAKLRKDIRQEYREDFVLTVTGKKHPCCVLSNPDQKGKIRRIDCLRQADKVWRLDLVMVILFKGIPLESTDGERLMKSPHCTNPALCVQPHHITVSVKELDLFLAYYVQEQDSGQSGSPSHNDPAKNPPGYLEDSFVKSGVFNVSELVRVSRTPITQGTGVNFPIGEIPSQPYYHDMNSGVNLQRSLSSPPSSKRPKTISIDENMEPSPTGDFYPSPSSPAAGSRTWHERDQDMSSPTTMKKPEKPLFSSASPQDSSPRLSTFPQHHHPGIPGVAHSVISTRTPPPPSPLPFPTQAILPPAPSSYFSHPTIRYPPHLNPQDTLKNYVPSYDPSSPQTSQSWYLG	MOD_RES 264; /note="Phosphoserine"; /evidence="ECO:0007744|PubMed:18669648"; MOD_RES 286; /note="Phosphothreonine"; /evidence="ECO:0000250|UniProtKB:P97863"; MOD_RES 292; /note="Phosphoserine"; /evidence="ECO:0007744|PubMed:24275569"; MOD_RES 295; /note="Phosphoserine"; /evidence="ECO:0007744|PubMed:24275569"; MOD_RES 312; /note="Phosphoserine"; /evidence="ECO:0007744|PubMed:20068231, ECO:0007744|PubMed:23186163"; MOD_RES 328; /note="Phosphoserine"; /evidence="ECO:0007744|PubMed:18669648, ECO:0007744|PubMed:20068231, ECO:0007744|PubMed:23186163"; MOD_RES 333; /note="Phosphoserine"; /evidence="ECO:0007744|PubMed:20068231, ECO:0007744|PubMed:23186163"; MOD_RES 335; /note="Asymmetric dimethylarginine"; /evidence="ECO:0000250|UniProtKB:P97863"; MOD_RES 388; /note="Asymmetric dimethylarginine"; /evidence="ECO:0000250|UniProtKB:P97863"
O00748	EST2_HUMAN	Cocaine esterase (EC 3.1.1.84) (Carboxylesterase 2) (CE-2) (hCE-2) (EC 3.1.1.1) (Methylumbelliferyl-acetate deacetylase 2) (EC 3.1.1.56)	Type-B carboxylesterase/lipase family	MRLHRLRARLSAVACGLLLLLVRGQGQDSASPIRTTHTGQVLGSLVHVKGANAGVQTFLGIPFAKPPLGPLRFAPPEPPESWSGVRDGTTHPAMCLQDLTAVESEFLSQFNMTFPSDSMSEDCLYLSIYTPAHSHEGSNLPVMVWIHGGALVFGMASLYDGSMLAALENVVVVIIQYRLGVLGFFSTGDKHATGNWGYLDQVAALRWVQQNIAHFGGNPDRVTIFGESAGGTSVSSLVVSPISQGLFHGAIMESGVALLPGLIASSADVISTVVANLSACDQVDSEALVGCLRGKSKEEILAINKPFKMIPGVVDGVFLPRHPQELLASADFQPVPSIVGVNNNEFGWLIPKVMRIYDTQKEMDREASQAALQKMLTLLMLPPTFGDLLREEYIGDNGDPQTLQAQFQEMMADSMFVIPALQVAHFQCSRAPVYFYEFQHQPSWLKNIRPPHMKADHGDELPFVFRSFFGGNYIKFTEEEEQLSRKMMKYWANFARNGNPNGEGLPHWPLFDQEEQYLQLNLQPAVGRALKAHRLQFWKKALPQKIQELEEPEERHTEL	MOD_RES 27; /note="Pyrrolidone carboxylic acid"; /evidence="ECO:0000250|UniProtKB:P14943"
O00762	UBE2C_HUMAN	Ubiquitin-conjugating enzyme E2 C (EC 2.3.2.23) ((E3-independent) E2 ubiquitin-conjugating enzyme C) (EC 2.3.2.24) (E2 ubiquitin-conjugating enzyme C) (UbcH10) (Ubiquitin carrier protein C) (Ubiquitin-protein ligase C)	Ubiquitin-conjugating enzyme family	MASQNRDPAATSVAAARKGAEPSGGAARGPVGKRLQQELMTLMMSGDKGISAFPESDNLFKWVGTIHGAAGTVYEDLRYKLSLEFPSGYPYNAPTVKFLTPCYHPNVDTQGNICLDILKEKWSALYDVRTILLSIQSLLGEPNIDSPLNTHAAELWKNPTAFKKYLQETYSKQVTSQEP	MOD_RES 2; /note="N-acetylalanine"; /evidence="ECO:0007744|PubMed:19413330, ECO:0007744|PubMed:21406692"; MOD_RES 3; /note="Phosphoserine"; /evidence="ECO:0007744|PubMed:21406692, ECO:0007744|PubMed:23186163"
O14497	ARI1A_HUMAN	AT-rich interactive domain-containing protein 1A (ARID domain-containing protein 1A) (B120) (BRG1-associated factor 250) (BAF250) (BRG1-associated factor 250a) (BAF250A) (Osa homolog 1) (hOSA1) (SWI-like protein) (SWI/SNF complex protein p270) (SWI/SNF-related, matrix-associated, actin-dependent regulator of chromatin subfamily F member 1) (hELD)		MAAQVAPAAASSLGNPPPPPPSELKKAEQQQREEAGGEAAAAAAAERGEMKAAAGQESEGPAVGPPQPLGKELQDGAESNGGGGGGGAGSGGGPGAEPDLKNSNGNAGPRPALNNNLTEPPGGGGGGSSDGVGAPPHSAAAALPPPAYGFGQPYGRSPSAVAAAAAAVFHQQHGGQQSPGLAALQSGGGGGLEPYAGPQQNSHDHGFPNHQYNSYYPNRSAYPPPAPAYALSSPRGGTPGSGAAAAAGSKPPPSSSASASSSSSSFAQQRFGAMGGGGPSAAGGGTPQPTATPTLNQLLTSPSSARGYQGYPGGDYSGGPQDGGAGKGPADMASQCWGAAAAAAAAAAASGGAQQRSHHAPMSPGSSGGGGQPLARTPQPSSPMDQMGKMRPQPYGGTNPYSQQQGPPSGPQQGHGYPGQPYGSQTPQRYPMTMQGRAQSAMGGLSYTQQIPPYGQQGPSGYGQQGQTPYYNQQSPHPQQQQPPYSQQPPSQTPHAQPSYQQQPQSQPPQLQSSQPPYSQQPSQPPHQQSPAPYPSQQSTTQQHPQSQPPYSQPQAQSPYQQQQPQQPAPSTLSQQAAYPQPQSQQSQQTAYSQQRFPPPQELSQDSFGSQASSAPSMTSSKGGQEDMNLSLQSRPSSLPDLSGSIDDLPMGTEGALSPGVSTSGISSSQGEQSNPAQSPFSPHTSPHLPGIRGPSPSPVGSPASVAQSRSGPLSPAAVPGNQMPPRPPSGQSDSIMHPSMNQSSIAQDRGYMQRNPQMPQYSSPQPGSALSPRQPSGGQIHTGMGSYQQNSMGSYGPQGGQYGPQGGYPRQPNYNALPNANYPSAGMAGGINPMGAGGQMHGQPGIPPYGTLPPGRMSHASMGNRPYGPNMANMPPQVGSGMCPPPGGMNRKTQETAVAMHVAANSIQNRPPGYPNMNQGGMMGTGPPYGQGINSMAGMINPQGPPYSMGGTMANNSAGMAASPEMMGLGDVKLTPATKMNNKADGTPKTESKSKKSSSSTTTNEKITKLYELGGEPERKMWVDRYLAFTEEKAMGMTNLPAVGRKPLDLYRLYVSVKEIGGLTQVNKNKKWRELATNLNVGTSSSAASSLKKQYIQCLYAFECKIERGEDPPPDIFAAADSKKSQPKIQPPSPAGSGSMQGPQTPQSTSSSMAEGGDLKPPTPASTPHSQIPPLPGMSRSNSVGIQDAFNDGSDSTFQKRNSMTPNPGYQPSMNTSDMMGRMSYEPNKDPYGSMRKAPGSDPFMSSGQGPNGGMGDPYSRAAGPGLGNVAMGPRQHYPYGGPYDRVRTEPGIGPEGNMSTGAPQPNLMPSNPDSGMYSPSRYPPQQQQQQQQRHDSYGNQFSTQGTPSGSPFPSQQTTMYQQQQQNYKRPMDGTYGPPAKRHEGEMYSVPYSTGQGQPQQQQLPPAQPQPASQQQAAQPSPQQDVYNQYGNAYPATATAATERRPAGGPQNQFPFQFGRDRVSAPPGTNAQQNMPPQMMGGPIQASAEVAQQGTMWQGRNDMTYNYANRQSTGSAPQGPAYHGVNRTDEMLHTDQRANHEGSWPSHGTRQPPYGPSAPVPPMTRPPPSNYQPPPSMQNHIPQVSSPAPLPRPMENRTSPSKSPFLHSGMKMQKAGPPVPASHIAPAPVQPPMIRRDITFPPGSVEATQPVLKQRRRLTMKDIGTPEAWRVMMSLKSGLLAESTWALDTINILLYDDNSIMTFNLSQLPGLLELLVEYFRRCLIEIFGILKEYEVGDPGQRTLLDPGRFSKVSSPAPMEGGEEEEELLGPKLEEEEEEEVVENDEEIAFSGKDKPASENSEEKLISKFDKLPVKIVQKNDPFVVDCSDKLGRVQEFDSGLLHWRIGGGDTTEHIQTHFESKTELLPSRPHAPCPPAPRKHVTTAEGTPGTTDQEGPPPDGPPEKRITATMDDMLSTRSSTLTEDGAKSSEAIKESSKFPFGISPAQSHRNIKILEDEPHSKDETPLCTLLDWQDSLAKRCVCVSNTIRSLSFVPGNDFEMSKHPGLLLILGKLILLHHKHPERKQAPLTYEKEEEQDQGVSCNKVEWWWDCLEMLRENTLVTLANISGQLDLSPYPESICLPVLDGLLHWAVCPSAEAQDPFSTLGPNAVLSPQRLVLETLSKLSIQDNNVDLILATPPFSRLEKLYSTMVRFLSDRKNPVCREMAVVLLANLAQGDSLAARAIAVQKGSIGNLLGFLEDSLAATQFQQSQASLLHMQNPPFEPTSVDMMRRAARALLALAKVDENHSEFTLYESRLLDISVSPLMNSLVSQVICDVLFLIGQS	MOD_RES 2; /note="N-acetylalanine"; /evidence="ECO:0007744|PubMed:19413330, ECO:0007744|PubMed:22814378"; MOD_RES 58; /note="Phosphoserine"; /evidence="ECO:0007744|PubMed:23186163"; MOD_RES 79; /note="Phosphoserine"; /evidence="ECO:0007744|PubMed:19690332"; MOD_RES 233; /note="Phosphoserine"; /evidence="ECO:0007744|PubMed:23186163"; MOD_RES 286; /note="Phosphothreonine"; /evidence="ECO:0007744|PubMed:18669648, ECO:0007744|PubMed:19690332"; MOD_RES 301; /note="Phosphoserine"; /evidence="ECO:0007744|PubMed:18669648"; MOD_RES 363; /note="Phosphoserine"; /evidence="ECO:0007744|PubMed:17081983, ECO:0007744|PubMed:19690332, ECO:0007744|PubMed:21406692, ECO:0007744|PubMed:23186163, ECO:0007744|PubMed:24275569"; MOD_RES 382; /note="Phosphoserine"; /evidence="ECO:0007744|PubMed:23186163"; MOD_RES 429; /note="Asymmetric dimethylarginine"; /evidence="ECO:0007744|PubMed:24129315"; MOD_RES 604; /note="Phosphoserine"; /evidence="ECO:0007744|PubMed:19690332, ECO:0007744|PubMed:23186163"; MOD_RES 696; /note="Phosphoserine"; /evidence="ECO:0007744|PubMed:16964243, ECO:0007744|PubMed:18669648, ECO:0007744|PubMed:19690332, ECO:0007744|PubMed:21406692, ECO:0007744|PubMed:23186163, ECO:0007744|PubMed:24275569"; MOD_RES 698; /note="Phosphoserine"; /evidence="ECO:0007744|PubMed:16964243, ECO:0007744|PubMed:18669648, ECO:0007744|PubMed:19690332, ECO:0007744|PubMed:23186163"; MOD_RES 702; /note="Phosphoserine"; /evidence="ECO:0007744|PubMed:16964243, ECO:0007744|PubMed:19690332, ECO:0007744|PubMed:21406692, ECO:0007744|PubMed:23186163"; MOD_RES 730; /note="Phosphoserine"; /evidence="ECO:0000250|UniProtKB:A2BH40"; MOD_RES 764; /note="Phosphoserine"; /evidence="ECO:0007744|PubMed:18669648, ECO:0007744|PubMed:23186163"; MOD_RES 772; /note="Phosphoserine"; /evidence="ECO:0007744|PubMed:18220336, ECO:0007744|PubMed:18669648, ECO:0007744|PubMed:19690332, ECO:0007744|PubMed:20068231, ECO:0007744|PubMed:23186163"; MOD_RES 1184; /note="Phosphoserine"; /evidence="ECO:0007744|PubMed:19690332, ECO:0007744|PubMed:23186163"; MOD_RES 1235; /note="Phosphoserine"; /evidence="ECO:0007744|PubMed:23186163"; MOD_RES 1276; /note="Omega-N-methylarginine"; /evidence="ECO:0007744|PubMed:24129315"; MOD_RES 1604; /note="Phosphoserine"; /evidence="ECO:0007744|PubMed:21406692, ECO:0007744|PubMed:23186163"; MOD_RES 1612; /note="N6-acetyllysine"; /evidence="ECO:0007744|PubMed:19608861"; MOD_RES 1751; /note="Phosphoserine"; /evidence="ECO:0007744|PubMed:23186163, ECO:0007744|PubMed:24275569"; MOD_RES 1754; /note="Phosphoserine"; /evidence="ECO:0007744|PubMed:23186163"; MOD_RES 1888; /note="Phosphothreonine"; /evidence="ECO:0007744|PubMed:23186163"; MOD_RES 1905; /note="N6-acetyllysine"; /evidence="ECO:0007744|PubMed:19608861"; MOD_RES 1929; /note="Phosphoserine"; /evidence="ECO:0007744|PubMed:23186163"; MOD_RES 1944; /note="Phosphoserine"; /evidence="ECO:0007744|PubMed:18669648, ECO:0007744|PubMed:23186163"
O14503	BHE40_HUMAN	Class E basic helix-loop-helix protein 40 (bHLHe40) (Class B basic helix-loop-helix protein 2) (bHLHb2) (Differentially expressed in chondrocytes protein 1) (DEC1) (Enhancer-of-split and hairy-related protein 2) (SHARP-2) (Stimulated by retinoic acid gene 13 protein)		MERIPSAQPPPACLPKAPGLEHGDLPGMYPAHMYQVYKSRRGIKRSEDSKETYKLPHRLIEKKRRDRINECIAQLKDLLPEHLKLTTLGHLEKAVVLELTLKHVKALTNLIDQQQQKIIALQSGLQAGELSGRNVETGQEMFCSGFQTCAREVLQYLAKHENTRDLKSSQLVTHLHRVVSELLQGGTSRKPSDPAPKVMDFKEKPSSPAKGSEGPGKNCVPVIQRTFAHSSGEQSGSDTDTDSGYGGESEKGDLRSEQPCFKSDHGRRFTMGERIGAIKQESEEPPTKKNRMQLSDDEGHFTSSDLISSPFLGPHPHQPPFCLPFYLIPPSATAYLPMLEKCWYPTSVPVLYPGLNASAAALSSFMNPDKISAPLLMPQRLPSPLPAHPSVDSSVLLQALKPIPPLNLETKD	MOD_RES 235; /note="Phosphoserine"; /evidence="ECO:0007744|PubMed:23186163"; MOD_RES 383; /note="Phosphoserine"; /evidence="ECO:0000250|UniProtKB:O35185"
O14508	SOCS2_HUMAN	Suppressor of cytokine signaling 2 (SOCS-2) (Cytokine-inducible SH2 protein 2) (CIS-2) (STAT-induced STAT inhibitor 2) (SSI-2)		MTLRCLEPSGNGGEGTRSQWGTAGSAEEPSPQAARLAKALRELGQTGWYWGSMTVNEAKEKLKEAPEGTFLIRDSSHSDYLLTISVKTSAGPTNLRIEYQDGKFRLDSIICVKSKLKQFDSVVHLIDYYVQMCKDKRTGPEAPRNGTVHLYLTKPLYTSAPSLQHLCRLTINKCTGAIWGLPLPTRLKDYLEEYKFQV	MOD_RES 30; /note="Phosphoserine"; /evidence="ECO:0007744|PubMed:23186163"; MOD_RES 52; /note="Phosphoserine; by PKC"; /evidence="ECO:0000269|PubMed:31578312"
